{
  "hash": "55b86ec2",
  "configHash": "75ae5be6",
  "lockfileHash": "a065d08e",
  "browserHash": "03d5790d",
  "optimized": {
    "@angular/common": {
      "src": "../../../../../node_modules/@angular/common/fesm2022/common.mjs",
      "file": "@angular_common.js",
      "fileHash": "1e590dbc",
      "needsInterop": false
    },
    "@angular/common/http": {
      "src": "../../../../../node_modules/@angular/common/fesm2022/http.mjs",
      "file": "@angular_common_http.js",
      "fileHash": "ab7c562b",
      "needsInterop": false
    },
    "@angular/core": {
      "src": "../../../../../node_modules/@angular/core/fesm2022/core.mjs",
      "file": "@angular_core.js",
      "fileHash": "70e7e9fb",
      "needsInterop": false
    },
    "@angular/platform-browser": {
      "src": "../../../../../node_modules/@angular/platform-browser/fesm2022/platform-browser.mjs",
      "file": "@angular_platform-browser.js",
      "fileHash": "4942aca6",
      "needsInterop": false
    },
    "@angular/router": {
      "src": "../../../../../node_modules/@angular/router/fesm2022/router.mjs",
      "file": "@angular_router.js",
      "fileHash": "b622882c",
      "needsInterop": false
    }
  },
  "chunks": {
    "chunk-PTMAOFGI": {
      "file": "chunk-PTMAOFGI.js"
    },
    "chunk-BCB4OAS5": {
      "file": "chunk-BCB4OAS5.js"
    },
    "chunk-F2TMUAH5": {
      "file": "chunk-F2TMUAH5.js"
    },
    "chunk-2UONM32I": {
      "file": "chunk-2UONM32I.js"
    }
  }
}