{
  "hash": "8b8390ef",
  "configHash": "6d3f8742",
  "lockfileHash": "9622b3d0",
  "browserHash": "52d1b8c1",
  "optimized": {
    "@angular/common": {
      "src": "../../../../../node_modules/@angular/common/fesm2022/common.mjs",
      "file": "@angular_common.js",
      "fileHash": "8d3c4221",
      "needsInterop": false
    },
    "@angular/common/http": {
      "src": "../../../../../node_modules/@angular/common/fesm2022/http.mjs",
      "file": "@angular_common_http.js",
      "fileHash": "d312ba8b",
      "needsInterop": false
    },
    "@angular/core": {
      "src": "../../../../../node_modules/@angular/core/fesm2022/core.mjs",
      "file": "@angular_core.js",
      "fileHash": "0847b375",
      "needsInterop": false
    },
    "@angular/platform-browser": {
      "src": "../../../../../node_modules/@angular/platform-browser/fesm2022/platform-browser.mjs",
      "file": "@angular_platform-browser.js",
      "fileHash": "0df60779",
      "needsInterop": false
    },
    "@angular/router": {
      "src": "../../../../../node_modules/@angular/router/fesm2022/router.mjs",
      "file": "@angular_router.js",
      "fileHash": "77cdfe8d",
      "needsInterop": false
    }
  },
  "chunks": {
    "chunk-OIAT4AAJ": {
      "file": "chunk-OIAT4AAJ.js"
    },
    "chunk-WOEBVTQI": {
      "file": "chunk-WOEBVTQI.js"
    },
    "chunk-L22JU2LC": {
      "file": "chunk-L22JU2LC.js"
    },
    "chunk-JNM7CA4Q": {
      "file": "chunk-JNM7CA4Q.js"
    }
  }
}